for master_1
for child2
child2_1
child2_2
child2_3
for child3
child3_1
child3_2
child3_3

create databases
"Start to create spider tables"
create table for child
"create table on child2_1"
CREATE TABLE t1(id int primary key auto_increment, a INT, b INT, c INT) ENGINE=InnoDB DEFAULT CHARSET=utf8;
"create table on child2_2"
CREATE TABLE t1(id int primary key auto_increment, a INT, b INT, c INT) ENGINE=InnoDB DEFAULT CHARSET=utf8;
create table for master
CREATE TABLE t1(id int primary key auto_increment, a INT, b INT, c INT) ENGINE=Spider DEFAULT CHARSET=utf8
PARTITION BY LIST (id % 2)
(PARTITION pt0 VALUES IN (0) COMMENT = 'database "auto_test_remote", srv "s_2_1", shard_key "id"',
PARTITION pt1 VALUES IN (1) COMMENT = 'database "auto_test_remote_2", srv "s_2_2", shard_key "id"'
    );
"Create spider tables successfully."
INSERT INTO t1 (a, b, c) VALUES(1,1,1),(2,2,2),(3,3,3),(4,4,4),(5,5,5),(1,1,1),(2,2,2),(3,3,3),(4,4,4),(5,5,5);
EXPLAIN format=tree SELECT a FROM t1 HAVING a = 1;
EXPLAIN
-> Gather (slice: 1, workers: 2), statement: select `t1`.`a` AS `a` from `t1` where (`t1`.`a` = 1)  (cost=N.NNN rows=NNN)
    -> Filter: (t1.a = 1)  (cost=N.NNN rows=NNN)
        -> Table scan on t1, with parallel scan ranges: 2  (cost=N.NNN rows=NNN)

SELECT a FROM t1 HAVING a = 1;
a
1
1
"Start to drop spider tables"
create table for child
"drop table on child2_1"
"drop table on child2_2"
create table for master
"drop table on master"
"Drop spider tables successfully."
"Start to create spider tables"
create table for child
"create table on child2_1"
CREATE TABLE t1(id int primary key auto_increment, f1 INT) ENGINE=InnoDB DEFAULT CHARSET=utf8;
"create table on child2_2"
CREATE TABLE t1(id int primary key auto_increment, f1 INT) ENGINE=InnoDB DEFAULT CHARSET=utf8;
create table for master
CREATE TABLE t1(id int primary key auto_increment, f1 INT) ENGINE=Spider DEFAULT CHARSET=utf8
PARTITION BY LIST (id % 2)
(PARTITION pt0 VALUES IN (0) COMMENT = 'database "auto_test_remote", srv "s_2_1", shard_key "id"',
PARTITION pt1 VALUES IN (1) COMMENT = 'database "auto_test_remote_2", srv "s_2_2", shard_key "id"'
    );
"Create spider tables successfully."
EXPLAIN format=tree SELECT (SELECT COUNT(*) + (SELECT COUNT(*) FROM t1 WHERE f1 = c.f2) FROM t1) FROM (SELECT 555 AS f2) AS c;
EXPLAIN
-> Rows fetched before execution  (cost=0.00..0.00 rows=1)
-> Select #2 (subquery in projection; dependent)
    -> Aggregate: count(0)  (cost=N.NNN rows=NNN)
        -> Index scan on t1 using PRIMARY  (cost=N.NNN rows=NNN)
    -> Select #3 (subquery in projection; dependent)
        -> Aggregate: count(0)  (cost=N.NNN rows=NNN)
            -> Filter: (t1.f1 = '555')  (cost=N.NNN rows=NNN)
                -> Table scan on t1  (cost=N.NNN rows=NNN)
    -> Select #3 (subquery in projection; dependent)
        -> Aggregate: count(0)  (cost=N.NNN rows=NNN)
            -> Filter: (t1.f1 = '555')  (cost=N.NNN rows=NNN)
                -> Table scan on t1  (cost=N.NNN rows=NNN)

SELECT (SELECT COUNT(*) + (SELECT COUNT(*) FROM t1 WHERE f1 = c.f2) FROM t1) FROM (SELECT 555 AS f2) AS c;
(SELECT COUNT(*) + (SELECT COUNT(*) FROM t1 WHERE f1 = c.f2) FROM t1)
0
"Start to drop spider tables"
create table for child
"drop table on child2_1"
"drop table on child2_2"
create table for master
"drop table on master"
"Drop spider tables successfully."
"Start to create spider tables"
create table for child
"create table on child2_1"
CREATE TABLE t1(a INT NOT NULL, PRIMARY KEY(a)) ENGINE=InnoDB DEFAULT CHARSET=utf8;
"create table on child2_2"
CREATE TABLE t1(a INT NOT NULL, PRIMARY KEY(a)) ENGINE=InnoDB DEFAULT CHARSET=utf8;
create table for master
CREATE TABLE t1(a INT NOT NULL, PRIMARY KEY(a)) ENGINE=Spider DEFAULT CHARSET=utf8
PARTITION BY LIST (a % 2)
(PARTITION pt0 VALUES IN (0) COMMENT = 'database "auto_test_remote", srv "s_2_1", shard_key "a"',
PARTITION pt1 VALUES IN (1) COMMENT = 'database "auto_test_remote_2", srv "s_2_2", shard_key "a"'
    );
"Create spider tables successfully."
INSERT INTO t1 VALUES(1),(2);
EXPLAIN format=tree SELECT max(a), max(concat("*", a, "*")) FROM t1;;
EXPLAIN
-> Aggregate: max(`max(concat('*',t1.a,'*'))`)  (cost=N.NNN rows=NNN)
    -> Gather (slice: 1, workers: 2), statement: select max(`t1`.`a`) AS `a`,max(concat('*',`t1`.`a`,'*')),count(0) from `t1`
        -> Aggregate: max(concat('*',t1.a,'*'))  (cost=N.NNN rows=NNN)
            -> Index scan on t1 using PRIMARY, with parallel scan ranges: 2  (cost=N.NNN rows=NNN)

SELECT max(a), max(concat("*", a, "*")) FROM t1;;
max(a)	max(concat("*", a, "*"))
2	*2*
"Start to drop spider tables"
create table for child
"drop table on child2_1"
"drop table on child2_2"
create table for master
"drop table on master"
"Drop spider tables successfully."
"Start to create spider tables"
create table for child
"create table on child2_1"
CREATE TABLE t (
id int primary key auto_increment,
`a` varbinary(10) DEFAULT NULL
) ENGINE=InnoDB DEFAULT CHARSET=utf8;
"create table on child2_2"
CREATE TABLE t (
id int primary key auto_increment,
`a` varbinary(10) DEFAULT NULL
) ENGINE=InnoDB DEFAULT CHARSET=utf8;
create table for master
CREATE TABLE t (
id int primary key auto_increment,
`a` varbinary(10) DEFAULT NULL
) ENGINE=Spider DEFAULT CHARSET=utf8
PARTITION BY LIST (id % 2)
(PARTITION pt0 VALUES IN (0) COMMENT = 'database "auto_test_remote", srv "s_2_1", shard_key "id"',
PARTITION pt1 VALUES IN (1) COMMENT = 'database "auto_test_remote_2", srv "s_2_2", shard_key "id"'
    );
"Create spider tables successfully."
INSERT INTO t (a) VALUES(0xFF00F0F0), (NULL), (0xF0F0FF00);
EXPLAIN format=tree SELECT SQL_BUFFER_RESULT HEX(BIT_AND(a)), HEX(BIT_OR(a)), HEX(BIT_XOR(a)) FROM t;
EXPLAIN
-> Aggregate: bit_xor(a), bit_or(a), bit_and(a)  (cost=2.54..4.75 rows=4)
    -> Gather (slice: 1, workers: 2), statement: select bit_xor(`t`.`a`) AS `a`,bit_or(`t`.`a`) AS `a`,bit_and(`t`.`a`) AS `a`,count(0) from `t`
        -> Aggregate: bit_xor(t.a), bit_or(t.a), bit_and(t.a)  (cost=2.54..4.75 rows=4)
            -> Table scan on <temporary>  (cost=0.64..2.55 rows=4)
                -> Temporary table  (cost=2.44..4.35 rows=4)
                    -> Table scan on t, with parallel scan ranges: 2  (cost=N.NNN rows=NNN)

SELECT SQL_BUFFER_RESULT HEX(BIT_AND(a)), HEX(BIT_OR(a)), HEX(BIT_XOR(a)) FROM t;
HEX(BIT_AND(a))	HEX(BIT_OR(a))	HEX(BIT_XOR(a))
FFFFFFFFFFFFFFFFFF	FFF0FF	0FF00F
"Start to drop spider tables"
create table for child
"drop table on child2_1"
"drop table on child2_2"
create table for master
"drop table on master"
"Drop spider tables successfully."
"Start to create spider tables"
create table for child
"create table on child2_1"
CREATE TABLE t1(
id int primary key auto_increment,
`i` int DEFAULT NULL,
`d` date DEFAULT NULL
) ENGINE=InnoDB DEFAULT CHARSET=utf8;
"create table on child2_2"
CREATE TABLE t1(
id int primary key auto_increment,
`i` int DEFAULT NULL,
`d` date DEFAULT NULL
) ENGINE=InnoDB DEFAULT CHARSET=utf8;
create table for master
CREATE TABLE t1(
id int primary key auto_increment,
`i` int DEFAULT NULL,
`d` date DEFAULT NULL
) ENGINE=Spider DEFAULT CHARSET=utf8
PARTITION BY LIST (id % 2)
(PARTITION pt0 VALUES IN (0) COMMENT = 'database "auto_test_remote", srv "s_2_1", shard_key "id"',
PARTITION pt1 VALUES IN (1) COMMENT = 'database "auto_test_remote_2", srv "s_2_2", shard_key "id"'
    );
"Create spider tables successfully."
INSERT INTO t1 (i, d) VALUES (1, '2008-01-01'), (2, '2008-01-02'), (3, '2008-01-03');
EXPLAIN format=tree SELECT COALESCE(d, d), IFNULL(d, d), IF(i, d, d), CASE i WHEN i THEN d ELSE d END, GREATEST(d, d), LEAST(d, d) FROM t1 ORDER BY RAND();
EXPLAIN

            -> Table scan on t1, with parallel scan ranges: 2  (cost=N.NNN rows=NNN)
        -> Stream results  (cost=N.NNN rows=NNN)
    -> Sort: `rand()`
-> Gather (slice: 1, workers: 2) with merge sort: `rand()`, statement: select rand(),coalesce(`t1`.`d`,`t1`.`d`) AS `COALESCE(d, d)`,ifnull(`t1`.`d`,`t1`.`d`) AS `IFNULL(d, d)`,if(`t1`.`i`,`t1`.`d`,`t1`.`d`) AS `IF(i, d, d)`,(case `t1`.`i` when `t1`.`i` then `t1`.`d` else `t1`.`d` end) AS `CASE i WHEN i THEN d ELSE d END`,greatest(`t1`.`d`,`t1`.`d`) AS `GREATEST(d, d)`,least(`t1`.`d`,`t1`.`d`) AS `LEAST(d, d)` from `t1` order by rand()
SELECT COALESCE(d, d), IFNULL(d, d), IF(i, d, d), CASE i WHEN i THEN d ELSE d END, GREATEST(d, d), LEAST(d, d) FROM t1 ORDER BY RAND();
COALESCE(d, d)	IFNULL(d, d)	IF(i, d, d)	CASE i WHEN i THEN d ELSE d END	GREATEST(d, d)	LEAST(d, d)
2008-01-01	2008-01-01	2008-01-01	2008-01-01	2008-01-01	2008-01-01
2008-01-02	2008-01-02	2008-01-02	2008-01-02	2008-01-02	2008-01-02
2008-01-03	2008-01-03	2008-01-03	2008-01-03	2008-01-03	2008-01-03
"Start to drop spider tables"
create table for child
"drop table on child2_1"
"drop table on child2_2"
create table for master
"drop table on master"
"Drop spider tables successfully."
"Start to create spider tables"
create table for child
"create table on child2_1"
CREATE TABLE t1(id int primary key auto_increment, c1 INT) ENGINE=InnoDB DEFAULT CHARSET=utf8;
"create table on child2_2"
CREATE TABLE t1(id int primary key auto_increment, c1 INT) ENGINE=InnoDB DEFAULT CHARSET=utf8;
create table for master
CREATE TABLE t1(id int primary key auto_increment, c1 INT) ENGINE=Spider DEFAULT CHARSET=utf8
PARTITION BY LIST (id % 2)
(PARTITION pt0 VALUES IN (0) COMMENT = 'database "auto_test_remote", srv "s_2_1", shard_key "id"',
PARTITION pt1 VALUES IN (1) COMMENT = 'database "auto_test_remote_2", srv "s_2_2", shard_key "id"'
    );
"Create spider tables successfully."
INSERT INTO t1 (c1) VALUES(1),(2),(3);
EXPLAIN (SELECT c1 FROM t1) UNION ALL (SELECT c1 FROM t1) LIMIT 2;
id	select_type	table	partitions	type	possible_keys	key	key_len	ref	rows	filtered	Extra
1	PRIMARY	t1	pt0,pt1	ALL	NULL	NULL	NULL	NULL	4	100.00	Parallel scan (2 workers)
2	UNION	t1	pt0,pt1	ALL	NULL	NULL	NULL	NULL	4	100.00	Parallel scan (2 workers)
(SELECT cN FROM tN) UNION ALL (SELECT cN FROM tN) LIMIT N;
cN
N
N
"Start to drop spider tables"
create table for child
"drop table on child2_1"
"drop table on child2_2"
create table for master
"drop table on master"
"Drop spider tables successfully."
"Start to create spider tables"
create table for child
"create table on child2_1"
CREATE TABLE t1(id int primary key auto_increment, a INT, b TEXT) ENGINE=InnoDB DEFAULT CHARSET=utf8;
"create table on child2_2"
CREATE TABLE t1(id int primary key auto_increment, a INT, b TEXT) ENGINE=InnoDB DEFAULT CHARSET=utf8;
create table for master
CREATE TABLE t1(id int primary key auto_increment, a INT, b TEXT) ENGINE=Spider DEFAULT CHARSET=utf8
PARTITION BY LIST (id % 2)
(PARTITION pt0 VALUES IN (0) COMMENT = 'database "auto_test_remote", srv "s_2_1", shard_key "id"',
PARTITION pt1 VALUES IN (1) COMMENT = 'database "auto_test_remote_2", srv "s_2_2", shard_key "id"'
    );
"Create spider tables successfully."
INSERT INTO t1 (a, b) VALUES (1, 'hello'), (2, 'world');
EXPLAIN format=tree SELECT 1 FROM t1 ORDER BY concat(uuid(), b) DESC LIMIT 1;
EXPLAIN
-> Limit: 1 row(s)
    -> Gather (slice: 1, workers: 2) with merge sort: `concat(uuid(),t1.b)` DESC, statement: select concat(uuid(),`t1`.`b`) from `t1` order by concat(uuid(),`t1`.`b`) desc limit 1
        -> Limit: 1 row(s)
            -> Sort row IDs: `concat(uuid(),t1.b)` DESC, limit input to 1 row(s) per chunk
                -> Table scan on <temporary>  (cost=0.64..2.55 rows=4)
                    -> Temporary table  (cost=2.44..4.35 rows=4)
                        -> Table scan on t1, with parallel scan ranges: 2  (cost=N.NNN rows=NNN)

SELECT 1 FROM t1 ORDER BY concat(uuid(), b) DESC LIMIT 1;
1
"Start to drop spider tables"
create table for child
"drop table on child2_1"
"drop table on child2_2"
create table for master
"drop table on master"
"Drop spider tables successfully."
"Start to create spider tables"
create table for child
"create table on child2_1"
CREATE TABLE t1(id int primary key auto_increment, a INT, b VARCHAR(20)) ENGINE=InnoDB DEFAULT CHARSET=utf8;
"create table on child2_2"
CREATE TABLE t1(id int primary key auto_increment, a INT, b VARCHAR(20)) ENGINE=InnoDB DEFAULT CHARSET=utf8;
create table for master
CREATE TABLE t1(id int primary key auto_increment, a INT, b VARCHAR(20)) ENGINE=Spider DEFAULT CHARSET=utf8
PARTITION BY LIST (id % 2)
(PARTITION pt0 VALUES IN (0) COMMENT = 'database "auto_test_remote", srv "s_2_1", shard_key "id"',
PARTITION pt1 VALUES IN (1) COMMENT = 'database "auto_test_remote_2", srv "s_2_2", shard_key "id"'
    );
"Create spider tables successfully."
INSERT INTO t1 (a, b) VALUES(1, 'a'), (2, 'b'), (3, 'c'), (3, 'c'), (4, 'c');
SELECT DISTINCT a FROM t1 GROUP BY b,a ORDER BY 1;
a
1
2
3
4
"Start to drop spider tables"
create table for child
"drop table on child2_1"
"drop table on child2_2"
create table for master
"drop table on master"
"Drop spider tables successfully."
"Start to create spider tables"
create table for child
"create table on child2_1"
CREATE TABLE t1(id int primary key auto_increment, track varchar(15)) ENGINE=InnoDB DEFAULT CHARSET=utf8;
"create table on child2_2"
CREATE TABLE t1(id int primary key auto_increment, track varchar(15)) ENGINE=InnoDB DEFAULT CHARSET=utf8;
create table for master
CREATE TABLE t1(id int primary key auto_increment, track varchar(15)) ENGINE=Spider DEFAULT CHARSET=utf8
PARTITION BY LIST (id % 2)
(PARTITION pt0 VALUES IN (0) COMMENT = 'database "auto_test_remote", srv "s_2_1", shard_key "id"',
PARTITION pt1 VALUES IN (1) COMMENT = 'database "auto_test_remote_2", srv "s_2_2", shard_key "id"'
    );
"Create spider tables successfully."
INSERT INTO t1(track) VALUES ('CAD'), ('CAD');
PREPARE STMT FROM
"SELECT 1 FROM t1
  WHERE
        track IN (SELECT track FROM t1
                                    GROUP BY track
                                      HAVING track>='CAD')";
EXECUTE STMT;
1
1
1
EXECUTE STMT;
1
1
1
DEALLOCATE PREPARE STMT;
"Start to drop spider tables"
create table for child
"drop table on child2_1"
"drop table on child2_2"
create table for master
"drop table on master"
"Drop spider tables successfully."
"Start to create spider tables"
create table for child
"create table on child2_1"
CREATE TABLE t2 (id int primary key auto_increment, date_col datetime NOT NULL, col1 int, filler varchar(255), KEY date_col (date_col, col1)) ENGINE=InnoDB DEFAULT CHARSET=utf8;
"create table on child2_2"
CREATE TABLE t2 (id int primary key auto_increment, date_col datetime NOT NULL, col1 int, filler varchar(255), KEY date_col (date_col, col1)) ENGINE=InnoDB DEFAULT CHARSET=utf8;
create table for master
CREATE TABLE t2 (id int primary key auto_increment, date_col datetime NOT NULL, col1 int, filler varchar(255), KEY date_col (date_col, col1)) ENGINE=Spider DEFAULT CHARSET=utf8
PARTITION BY LIST (id % 2)
(PARTITION pt0 VALUES IN (0) COMMENT = 'database "auto_test_remote", srv "s_2_1", shard_key "id"',
PARTITION pt1 VALUES IN (1) COMMENT = 'database "auto_test_remote_2", srv "s_2_2", shard_key "id"'
    );
"Create spider tables successfully."
EXPLAIN FORMAT=tree select * from t2 force index(date_col) where    col1 + 10000000 > (@cnt:=@cnt+1) and date_col >= date('2014-04-01');
EXPLAIN
-> Filter: (((t2.col1 + 10000000) > (@cnt:=((@cnt) + 1))) and (t2.date_col >= <cache>(cast('2014-04-01' as date))))  (cost=0.90 rows=1)
    -> Table scan on t2  (cost=0.90 rows=4)

"Start to drop spider tables"
create table for child
"drop table on child2_1"
"drop table on child2_2"
create table for master
"drop table on master"
"Drop spider tables successfully."
"Start to create spider tables"
create table for child
"create table on child2_1"
CREATE TABLE t1(id INT PRIMARY KEY AUTO_INCREMENT, b INT) ENGINE=InnoDB DEFAULT CHARSET=utf8;
"create table on child2_2"
CREATE TABLE t1(id INT PRIMARY KEY AUTO_INCREMENT, b INT) ENGINE=InnoDB DEFAULT CHARSET=utf8;
create table for master
CREATE TABLE t1(id INT PRIMARY KEY AUTO_INCREMENT, b INT) ENGINE=Spider DEFAULT CHARSET=utf8
PARTITION BY LIST (id % 2)
(PARTITION pt0 VALUES IN (0) COMMENT = 'database "auto_test_remote", srv "s_2_1", shard_key "id"',
PARTITION pt1 VALUES IN (1) COMMENT = 'database "auto_test_remote_2", srv "s_2_2", shard_key "id"'
    );
"Create spider tables successfully."
SELECT
ref_0.b AS c2,
CASE WHEN ref_0.b IS NULL THEN upper(
cast(reverse(
cast(cast(NULL AS CHAR) AS CHAR)) AS CHAR)) ELSE upper(
cast(reverse(
cast(cast(NULL AS CHAR) AS CHAR)) AS CHAR)) END
AS c3
FROM
t1 AS ref_0
WHERE 21 DIV ref_0.b
ORDER BY 1, 2;
c2	c3
"Start to drop spider tables"
create table for child
"drop table on child2_1"
"drop table on child2_2"
create table for master
"drop table on master"
"Drop spider tables successfully."
for master_1
for child2
child2_1
child2_2
child2_3
for child3
child3_1
child3_2
child3_3
